{
    "options": {
        "k": 2
    },
    "v": [
        [
            35.0005696,
            31.709852
        ],
        [
            35.0005666,
            31.7130234
        ],
        [
            35.18972580083782,
            31.78540725
        ]
    ],
    "k": 2,
    "groups": [
        {
            "centroidMoved": true,
            "centroidOld": [],
            "centroidIndex": 2,
            "centroid": [
                35.18972580083782,
                31.78540725
            ],
            "distances": [
                0.2036876631462013,
                0.2025354907230467,
                0
            ],
            "cluster": [
                [
                    35.18972580083782,
                    31.78540725
                ]
            ],
            "clusterInd": [
                2
            ]
        },
        {
            "centroidMoved": true,
            "centroidOld": [],
            "centroidIndex": 0,
            "centroid": [
                35.0005696,
                31.709852
            ],
            "distances": [
                0,
                0.0031714014189307646,
                0.2036876631462013
            ],
            "cluster": [
                [
                    35.0005696,
                    31.709852
                ],
                [
                    35.0005666,
                    31.7130234
                ]
            ],
            "clusterInd": [
                0,
                1
            ]
        }
    ],
    "indexes": [
        1
    ]
}